"atleta_id","clube_id","idTemporada"
"37958","262",1
"68873","262",1
"78086","262",1
"85798","262",1
"89258","262",1
"60795","263",1
"38109","263",1
"78604","263",1
"89492","263",1
"79973","263",1
"51413","264",1
"42234","264",1
"69051","264",1
"80286","264",1
"38133","264",1
"88867","265",1
"73517","265",1
"79265","265",1
"71102","265",1
"68872","265",1
"68884","266",1
"42330","266",1
"49673","266",1
"85004","266",1
"38431","266",1
"62003","275",1
"72290","275",1
"68914","275",1
"85083","275",1
"38140","275",1
"70951","275",1
"68932","276",1
"51175","276",1
"38055","276",1
"69040","277",1
"78839","277",1
"85425","277",1
"37984","277",1
"68979","282",1
"52950","282",1
"85418","282",1
"69183","282",1
"89975","282",1
"37656","283",1
"68928","283",1
"79048","283",1
"82769","283",1
"87611","284",1
"37770","284",1
"72488","284",1
"87008","284",1
"69180","284",1
"82896","285",1
"71724","285",1
"36443","285",1
"69041","285",1
"85066","287",1
"71571","287",1
"50284","287",1
"74061","287",1
"70216","287",1
"63034","287",1
"37767","288",1
"38038","288",1
"77556","288",1
"86928","288",1
"86929","288",1
"82928","288",1
"89897","288",1
"37899","290",1
"50461","290",1
"88147","290",1
"37749","290",1
"41218","292",1
"86517","292",1
"74096","292",1
"69012","293",1
"71631","293",1
"63082","293",1
"62101","293",1
"86760","293",1
"80192","293",1
"62121","294",1
"79535","294",1
"86449","294",1
"73336","294",1
"82453","294",1
"72603","294",1
"82768","315",1
"40130","315",1
"87199","315",1
"52897","315",1
"37659","315",1
"88916","316",1
"68805","316",1
"77912","316",1
"88156","316",1
"72018","316",1
"82419","316",1
"79066","316",1
"88848","316",1
"71602","262",1
"50453","262",1
"88065","262",1
"69177","262",1
"37701","262",1
"38184","262",1
"78647","262",1
"86314","263",1
"86315","263",1
"73869","263",1
"78436","263",1
"68995","263",1
"71947","263",1
"37621","263",1
"50362","263",1
"38523","263",1
"37663","263",1
"42500","264",1
"60852","264",1
"38229","264",1
"63018","264",1
"87228","264",1
"80163","265",1
"69209","265",1
"50346","265",1
"51781","265",1
"87213","265",1
"73359","265",1
"68821","265",1
"78077","265",1
"84379","265",1
"42499","266",1
"85424","266",1
"86444","266",1
"39572","266",1
"38451","266",1
"89257","266",1
"80667","266",1
"82641","266",1
"86410","275",1
"89273","275",1
"63119","275",1
"88874","275",1
"38432","275",1
"72375","275",1
"89157","275",1
"89681","275",1
"77827","275",1
"62130","275",1
"70133","275",1
"78850","276",1
"69308","276",1
"37607","276",1
"55348","276",1
"88540","276",1
"69153","276",1
"68728","276",1
"80660","276",1
"70046","277",1
"77967","277",1
"89342","277",1
"61106","277",1
"88225","277",1
"73617","277",1
"87192","277",1
"73962","277",1
"84861","282",1
"79826","282",1
"70317","282",1
"77895","282",1
"51779","282",1
"63013","282",1
"80664","282",1
"37790","283",1
"81150","283",1
"42145","283",1
"86411","283",1
"73708","283",1
"69090","284",1
"86748","284",1
"62086","284",1
"70010","284",1
"89343","284",1
"80570","284",1
"82628","284",1
"74074","285",1
"85882","285",1
"80313","285",1
"71892","285",1
"63110","285",1
"49674","285",1
"37705","287",1
"38069","287",1
"86860","287",1
"79553","287",1
"77599","287",1
"72334","287",1
"84890","287",1
"68808","287",1
"71575","287",1
"72079","288",1
"72097","288",1
"50645","288",1
"80431","288",1
"70915","288",1
"84545","288",1
"73879","288",1
"80318","288",1
"89896","288",1
"63283","290",1
"89606","290",1
"72495","290",1
"73417","290",1
"71146","290",1
"73890","290",1
"71037","290",1
"84382","292",1
"68904","292",1
"60969","292",1
"82635","292",1
"78445","292",1
"62070","292",1
"87399","293",1
"73527","293",1
"72023","293",1
"82457","293",1
"86409","293",1
"86264","293",1
"86764","293",1
"86763","293",1
"61211","293",1
"69782","294",1
"83258","294",1
"79401","294",1
"63194","294",1
"73644","294",1
"69155","294",1
"86820","294",1
"60858","294",1
"73857","294",1
"78423","294",1
"86969","294",1
"70916","294",1
"84860","294",1
"79594","315",1
"82525","315",1
"79030","315",1
"79887","315",1
"80164","315",1
"62976","315",1
"68702","315",1
"80553","316",1
"83811","316",1
"77529","316",1
"69329","316",1
"80552","316",1
"37610","316",1
"72281","316",1
"38026","316",1
"89977","316",1
"84318","262",1
"78895","262",1
"81223","262",1
"78646","262",1
"37684","262",1
"68958","262",1
"74103","262",1
"71122","263",1
"38370","263",1
"79339","263",1
"89493","263",1
"78946","263",1
"87185","263",1
"37789","263",1
"87225","264",1
"68923","264",1
"73375","264",1
"52618","264",1
"86143","264",1
"72376","264",1
"68723","265",1
"80189","265",1
"87230","265",1
"50353","265",1
"39137","265",1
"82547","265",1
"71618","265",1
"68887","266",1
"68753","266",1
"70111","266",1
"38365","266",1
"74059","266",1
"79045","266",1
"68888","266",1
"69088","275",1
"73910","275",1
"89156","275",1
"88368","275",1
"83615","275",1
"41519","275",1
"68907","275",1
"51495","275",1
"63008","276",1
"68817","276",1
"73800","276",1
"38194","276",1
"84554","276",1
"71507","276",1
"69008","277",1
"78248","277",1
"73855","277",1
"37657","277",1
"70045","277",1
"70221","277",1
"88132","277",1
"50317","277",1
"88224","277",1
"84263","282",1
"51299","282",1
"79042","282",1
"87393","282",1
"52253","282",1
"68925","282",1
"38061","282",1
"69219","282",1
"87229","282",1
"51705","283",1
"50459","283",1
"69014","283",1
"60819","283",1
"87400","283",1
"50439","283",1
"84262","283",1
"72491","284",1
"68945","284",1
"71572","284",1
"86744","284",1
"62974","284",1
"42501","284",1
"80853","284",1
"83048","284",1
"36728","285",1
"63172","285",1
"49651","285",1
"36540","285",1
"82613","285",1
"82626","285",1
"51415","287",1
"74014","287",1
"80573","287",1
"50427","287",1
"69006","287",1
"85067","287",1
"72133","287",1
"81543","287",1
"73423","287",1
"86861","287",1
"86502","287",1
"38425","288",1
"68950","288",1
"51194","288",1
"78414","288",1
"68738","288",1
"83108","288",1
"80779","288",1
"68908","288",1
"89226","288",1
"38990","288",1
"68746","288",1
"85399","290",1
"70934","290",1
"71038","290",1
"80036","290",1
"73760","290",1
"63031","290",1
"38100","292",1
"71593","292",1
"89494","292",1
"72039","292",1
"78422","292",1
"88670","292",1
"80281","293",1
"78990","293",1
"37840","293",1
"79334","293",1
"83528","293",1
"78648","293",1
"82459","293",1
"82458","293",1
"68827","293",1
"86761","293",1
"86762","293",1
"63005","294",1
"50446","294",1
"80441","294",1
"50462","294",1
"86587","294",1
"73465","294",1
"50361","315",1
"78407","315",1
"42247","315",1
"80324","315",1
"68946","315",1
"79287","315",1
"87200","315",1
"87201","315",1
"54189","315",1
"83522","315",1
"51168","315",1
"69049","315",1
"80319","316",1
"38394","316",1
"73620","316",1
"83920","316",1
"38515","316",1
"62971","316",1
"69268","262",1
"38311","262",1
"81121","262",1
"73918","262",1
"50301","262",1
"84320","262",1
"72071","262",1
"79023","262",1
"74060","262",1
"73515","262",1
"72768","262",1
"37917","262",1
"50369","262",1
"82503","262",1
"37652","263",1
"69232","263",1
"81007","263",1
"82472","263",1
"85629","263",1
"86836","263",1
"71560","263",1
"37645","263",1
"78605","263",1
"73454","263",1
"73851","263",1
"37678","263",1
"89253","263",1
"88849","263",1
"61985","263",1
"82474","263",1
"37795","263",1
"89885","263",1
"38398","264",1
"52190","264",1
"38315","264",1
"78891","264",1
"54395","264",1
"82128","264",1
"69304","264",1
"38067","264",1
"70944","264",1
"71636","264",1
"78478","264",1
"87226","264",1
"80330","264",1
"41364","265",1
"63003","265",1
"38507","265",1
"53472","265",1
"84313","265",1
"88933","265",1
"88000","265",1
"84679","265",1
"50961","265",1
"89371","265",1
"69186","265",1
"84314","265",1
"80456","265",1
"84099","265",1
"79044","265",1
"84312","265",1
"73530","265",1
"37627","266",1
"68711","266",1
"80538","266",1
"37674","266",1
"50348","266",1
"87999","266",1
"80400","266",1
"37688","266",1
"80370","266",1
"78464","266",1
"85121","266",1
"62047","266",1
"68824","266",1
"89256","266",1
"50417","266",1
"73353","266",1
"77994","275",1
"77673","275",1
"68697","275",1
"88866","275",1
"78546","275",1
"50421","275",1
"73531","275",1
"69292","275",1
"38435","275",1
"50328","275",1
"89677","275",1
"84585","275",1
"50295","275",1
"52558","275",1
"89285","275",1
"80576","275",1
"72167","275",1
"68951","275",1
"68954","275",1
"72159","275",1
"38919","276",1
"38196","276",1
"38064","276",1
"62977","276",1
"86841","276",1
"60803","276",1
"84674","276",1
"77777","276",1
"50324","276",1
"68922","276",1
"73673","276",1
"80583","277",1
"88002","277",1
"70132","277",1
"78235","277",1
"89637","277",1
"38908","277",1
"68909","277",1
"37718","277",1
"71055","277",1
"73974","277",1
"70986","277",1
"38243","277",1
"84896","277",1
"71668","277",1
"78840","277",1
"89306","282",1
"84927","282",1
"51318","282",1
"73863","282",1
"78994","282",1
"60784","282",1
"69240","282",1
"70581","282",1
"84851","282",1
"38440","282",1
"37851","282",1
"36790","282",1
"36802","282",1
"85403","282",1
"37694","283",1
"79701","283",1
"38921","283",1
"81845","283",1
"51772","283",1
"87401","283",1
"38573","283",1
"68833","283",1
"80944","283",1
"37794","283",1
"63058","283",1
"50382","283",1
"89924","283",1
"67953","284",1
"82703","284",1
"86436","284",1
"78715","284",1
"70116","284",1
"88479","284",1
"86754","284",1
"36612","284",1
"51548","284",1
"61033","284",1
"37792","284",1
"83963","284",1
"89227","284",1
"89467","284",1
"84530","284",1
"77911","284",1
"79064","284",1
"82639","284",1
"77670","285",1
"88366","285",1
"81091","285",1
"38074","285",1
"78530","285",1
"62129","285",1
"85423","285",1
"54424","285",1
"62023","285",1
"38219","285",1
"68685","285",1
"89275","285",1
"69325","285",1
"87273","285",1
"78458","285",1
"80585","285",1
"89815","285",1
"39230","287",1
"37818","287",1
"89676","287",1
"38763","287",1
"79733","287",1
"72745","287",1
"73771","287",1
"72943","287",1
"71117","287",1
"86859","287",1
"88478","287",1
"85400","287",1
"73634","287",1
"70225","287",1
"49641","287",1
"86792","287",1
"74017","287",1
"71032","287",1
"82821","287",1
"71581","287",1
"37826","288",1
"50425","288",1
"50454","288",1
"38032","288",1
"68830","288",1
"38357","288",1
"50908","288",1
"73383","288",1
"78936","288",1
"80399","288",1
"86931","288",1
"89224","288",1
"54250","288",1
"68987","288",1
"89883","288",1
"68689","288",1
"86144","288",1
"50329","288",1
"68846","288",1
"81148","288",1
"68892","288",1
"83506","288",1
"80320","288",1
"89914","288",1
"71123","290",1
"84997","290",1
"37783","290",1
"86943","290",1
"42232","290",1
"72168","290",1
"88917","290",1
"86935","290",1
"70992","290",1
"38695","290",1
"70058","290",1
"86934","290",1
"70914","290",1
"71039","290",1
"84857","290",1
"86936","290",1
"86942","290",1
"73957","292",1
"38021","292",1
"68834","292",1
"68911","292",1
"87743","292",1
"82647","292",1
"38369","292",1
"51985","292",1
"81952","292",1
"87742","292",1
"44857","292",1
"84188","292",1
"77567","292",1
"71042","292",1
"85149","292",1
"89466","292",1
"38579","292",1
"42540","292",1
"88671","292",1
"73051","292",1
"60822","292",1
"38986","292",1
"86519","292",1
"79713","293",1
"83266","293",1
"56102","293",1
"74078","293",1
"50292","293",1
"82463","293",1
"69018","293",1
"87009","293",1
"87227","293",1
"71778","293",1
"82466","293",1
"82468","293",1
"70311","293",1
"84707","293",1
"86765","293",1
"74077","293",1
"78176","293",1
"60791","293",1
"82381","293",1
"73684","293",1
"79335","293",1
"84794","293",1
"37654","294",1
"73511","294",1
"78965","294",1
"73445","294",1
"84104","294",1
"80374","294",1
"63014","294",1
"86588","294",1
"74076","294",1
"73338","294",1
"38638","294",1
"36522","294",1
"42490","294",1
"51681","294",1
"74140","294",1
"82455","294",1
"82630","294",1
"88054","294",1
"62104","294",1
"71093","294",1
"88146","294",1
"78500","294",1
"70054","294",1
"63208","315",1
"80171","315",1
"60948","315",1
"68698","315",1
"62009","315",1
"37983","315",1
"85931","315",1
"51293","315",1
"87202","315",1
"80795","315",1
"73633","315",1
"79892","315",1
"79193","315",1
"70925","315",1
"68938","316",1
"81914","316",1
"81950","316",1
"87747","316",1
"71113","316",1
"50321","316",1
"84887","316",1
"83688","316",1
"37816","316",1
"38630","316",1
"82884","316",1
"88166","316",1
"78716","316",1
"69047","316",1
"72084","316",1
"71742","316",1
"68994","316",1
"36775","316",1
"38588","262",1
"83134","262",1
"70929","262",1
"80913","262",1
"80337","262",1
"78578","262",1
"72893","262",1
"37673","262",1
"72386","262",1
"61115","263",1
"78012","263",1
"79038","263",1
"62127","263",1
"73540","263",1
"74065","263",1
"79022","263",1
"88987","263",1
"88651","263",1
"81236","263",1
"68744","263",1
"79578","263",1
"89921","263",1
"89479","264",1
"75295","264",1
"88323","264",1
"80287","264",1
"88056","264",1
"83471","264",1
"77738","264",1
"73027","265",1
"50532","265",1
"68773","265",1
"86927","265",1
"82502","265",1
"38482","265",1
"68930","265",1
"72099","265",1
"88075","265",1
"80076","265",1
"83872","265",1
"70874","265",1
"73516","265",1
"71995","265",1
"38374","265",1
"89932","265",1
"84791","266",1
"62128","266",1
"80949","266",1
"38162","266",1
"70924","266",1
"37798","266",1
"68894","266",1
"87420","275",1
"73085","275",1
"81905","275",1
"86222","275",1
"50666","275",1
"83130","275",1
"70106","275",1
"89154","275",1
"88367","275",1
"73213","275",1
"42222","276",1
"37919","276",1
"50347","276",1
"86842","276",1
"74085","276",1
"49675","276",1
"78241","276",1
"73896","277",1
"68953","277",1
"68929","277",1
"83255","277",1
"87191","277",1
"86837","277",1
"87101","277",1
"73025","277",1
"38246","277",1
"73635","277",1
"83257","277",1
"84918","277",1
"80536","277",1
"79947","282",1
"63219","282",1
"68690","282",1
"38231","282",1
"50294","282",1
"38138","282",1
"80381","282",1
"85027","282",1
"88064","282",1
"68807","282",1
"37941","283",1
"42116","283",1
"60788","283",1
"50358","283",1
"37613","283",1
"83772","283",1
"89190","283",1
"89444","283",1
"70218","283",1
"60834","283",1
"68920","284",1
"82632","284",1
"86759","284",1
"78379","284",1
"68758","284",1
"86757","284",1
"89341","284",1
"89468","284",1
"88480","284",1
"40179","284",1
"37655","285",1
"70360","285",1
"88780","285",1
"38108","285",1
"38279","285",1
"85930","285",1
"80403","285",1
"37653","285",1
"86512","285",1
"80568","287",1
"85607","287",1
"80777","287",1
"50418","287",1
"80188","287",1
"70928","287",1
"78694","287",1
"80774","287",1
"38602","287",1
"68917","287",1
"68883","287",1
"68968","287",1
"72046","287",1
"71799","288",1
"86932","288",1
"80537","288",1
"61149","288",1
"37762","288",1
"88782","288",1
"38613","288",1
"83614","288",1
"82625","288",1
"89884","288",1
"38362","288",1
"87935","288",1
"80769","288",1
"79345","288",1
"89898","288",1
"50909","290",1
"71041","290",1
"74087","290",1
"82737","290",1
"84848","290",1
"73806","290",1
"78236","290",1
"36792","290",1
"72389","292",1
"60825","292",1
"61135","292",1
"42118","292",1
"87741","292",1
"83511","292",1
"37848","292",1
"69703","292",1
"81151","292",1
"82408","292",1
"89694","292",1
"86189","293",1
"77579","293",1
"38525","293",1
"82469","293",1
"78558","293",1
"88850","293",1
"69022","293",1
"78977","293",1
"84098","293",1
"86767","293",1
"84190","293",1
"73446","293",1
"73009","293",1
"79228","293",1
"41357","293",1
"80280","293",1
"74086","293",1
"82787","294",1
"88915","294",1
"38960","294",1
"50880","294",1
"70759","294",1
"83439","294",1
"40904","294",1
"70055","294",1
"80572","294",1
"86491","294",1
"50413","294",1
"68893","294",1
"51683","315",1
"51193","315",1
"87585","315",1
"62119","315",1
"88069","315",1
"86334","315",1
"68696","315",1
"89445","315",1
"41126","315",1
"78968","315",1
"63326","315",1
"78756","315",1
"80321","315",1
"68974","316",1
"69138","316",1
"50366","316",1
"69048","316",1
"77809","316",1
"78117","316",1
"86419","316",1
"62012","316",1
"73055","316",1
"81770","316",1
"85210","316",1
"69141","316",1
"73563","316",1
"78967","316",1
"50326","316",1
"72504","316",1
"41327","262",1
"79019","262",1
"39850","263",1
"86229","263",1
"37281","264",1
"88899","265",1
"37306","265",1
"71100","265",1
"60752","266",1
"40990","275",1
"73948","275",1
"84863","275",1
"36934","276",1
"62137","277",1
"36940","277",1
"40025","282",1
"36943","282",1
"62136","283",1
"43618","284",1
"88898","284",1
"40006","285",1
"37246","287",1
"89100","287",1
"88617","287",1
"37592","288",1
"72742","288",1
"41946","288",1
"73481","288",1
"88538","288",1
"87746","288",1
"62139","290",1
"87211","292",1
"84761","293",1
"88686","293",1
"82657","293",1
"79343","293",1
"81031","294",1
"36856","294",1
"73315","315",1
"88717","315",1
"73317","316",1
"37245","316",1
"60780","316",1
"68873","262.0",2
"78086","262.0",2
"89258","262.0",2
"42234","264.0",2
"51413","264.0",2
"79535","264.0",2
"77556","264.0",2
"90297","264.0",2
"91808","264.0",2
"80286","264.0",2
"73336","264.0",2
"72603","264.0",2
"86449","264.0",2
"38431","266.0",2
"68884","266.0",2
"49673","266.0",2
"85004","266.0",2
"73074","267.0",2
"69249","267.0",2
"86776","267.0",2
"74067","267.0",2
"38140","275.0",2
"37984","275.0",2
"70951","275.0",2
"85083","275.0",2
"72290","275.0",2
"38055","276.0",2
"51175","276.0",2
"68932","276.0",2
"71043","276.0",2
"91260","276.0",2
"62121","277.0",2
"69040","277.0",2
"78839","277.0",2
"85425","277.0",2
"52950","282.0",2
"68979","282.0",2
"85418","282.0",2
"37656","283.0",2
"68928","283.0",2
"79048","283.0",2
"82769","283.0",2
"37770","284.0",2
"87611","284.0",2
"71818","284.0",2
"90331","284.0",2
"87008","284.0",2
"82896","285.0",2
"36443","285.0",2
"69041","285.0",2
"37899","290.0",2
"88147","290.0",2
"41218","292.0",2
"69051","292.0",2
"88430","292.0",2
"71631","293.0",2
"69012","293.0",2
"80192","293.0",2
"80276","293.0",2
"86760","293.0",2
"68872","303.0",2
"80394","303.0",2
"88136","303.0",2
"69010","303.0",2
"71971","303.0",2
"78151","314.0",2
"37695","314.0",2
"81094","314.0",2
"82768","315.0",2
"52897","315.0",2
"40130","315.0",2
"71601","315.0",2
"91099","315.0",2
"37958","316.0",2
"79066","316.0",2
"88916","316.0",2
"88848","316.0",2
"72731","317.0",2
"71724","317.0",2
"80328","317.0",2
"80335","317.0",2
"90317","317.0",2
"91194","",2
"91710","",2
"73889","",2
"91712","",2
"92057","",2
"50284","",2
"63082","",2
"87266","",2
"92438","",2
"89975","",2
"68693","262.0",2
"62086","262.0",2
"50453","262.0",2
"88065","262.0",2
"81219","262.0",2
"38229","264.0",2
"42500","264.0",2
"63194","264.0",2
"80374","264.0",2
"60852","264.0",2
"38523","264.0",2
"73644","264.0",2
"63018","264.0",2
"91388","264.0",2
"79401","264.0",2
"71892","266.0",2
"72097","266.0",2
"39572","266.0",2
"85626","266.0",2
"82641","266.0",2
"78077","267.0",2
"84893","267.0",2
"82499","267.0",2
"87750","267.0",2
"38446","267.0",2
"37663","267.0",2
"83867","267.0",2
"36612","275.0",2
"42145","275.0",2
"50362","275.0",2
"71602","275.0",2
"89273","275.0",2
"72334","275.0",2
"38451","276.0",2
"42499","276.0",2
"78850","276.0",2
"88540","276.0",2
"68711","277.0",2
"70046","277.0",2
"61106","277.0",2
"89342","277.0",2
"88225","277.0",2
"87192","277.0",2
"72529","277.0",2
"63013","282.0",2
"60969","282.0",2
"79826","282.0",2
"61211","282.0",2
"51779","282.0",2
"77895","282.0",2
"81150","283.0",2
"49674","283.0",2
"37790","283.0",2
"77967","283.0",2
"79887","283.0",2
"87213","283.0",2
"86411","283.0",2
"50328","284.0",2
"69090","284.0",2
"68821","284.0",2
"89343","284.0",2
"82639","284.0",2
"90304","284.0",2
"90531","284.0",2
"85882","285.0",2
"74074","285.0",2
"69177","285.0",2
"63110","285.0",2
"85591","285.0",2
"89275","285.0",2
"89976","285.0",2
"70916","290.0",2
"82764","290.0",2
"89606","290.0",2
"71037","290.0",2
"90916","290.0",2
"87265","290.0",2
"78445","292.0",2
"68904","292.0",2
"84861","292.0",2
"91001","292.0",2
"73384","292.0",2
"91387","292.0",2
"86264","293.0",2
"50645","293.0",2
"73318","293.0",2
"86409","293.0",2
"86771","293.0",2
"87228","293.0",2
"82943","293.0",2
"91842","293.0",2
"82457","293.0",2
"38043","293.0",2
"62997","303.0",2
"82525","303.0",2
"52674","303.0",2
"73992","303.0",2
"86615","303.0",2
"84917","303.0",2
"87601","303.0",2
"60794","314.0",2
"68808","314.0",2
"80323","314.0",2
"50346","314.0",2
"73527","314.0",2
"42474","314.0",2
"86391","314.0",2
"62976","314.0",2
"80975","314.0",2
"91888","314.0",2
"51042","315.0",2
"69782","315.0",2
"83760","315.0",2
"90777","315.0",2
"90939","315.0",2
"90291","315.0",2
"69329","316.0",2
"77529","316.0",2
"80553","316.0",2
"80552","316.0",2
"73618","316.0",2
"89977","316.0",2
"83811","316.0",2
"72023","317.0",2
"61241","317.0",2
"73879","317.0",2
"70915","317.0",2
"69015","317.0",2
"87399","317.0",2
"90318","317.0",2
"71885","",2
"87754","",2
"87486","",2
"73890","",2
"86783","",2
"82775","",2
"82636","",2
"87482","",2
"86764","",2
"92094","",2
"82128","",2
"79646","",2
"78497","",2
"86509","",2
"37705","",2
"92293","",2
"79553","",2
"51869","",2
"71116","",2
"92501","",2
"89641","",2
"42225","",2
"92618","",2
"92661","",2
"37662","",2
"42236","",2
"80338","",2
"92848","",2
"92189","",2
"88393","",2
"68958","262.0",2
"84318","262.0",2
"72491","262.0",2
"78895","262.0",2
"74103","262.0",2
"68923","264.0",2
"50462","264.0",2
"73465","264.0",2
"73375","264.0",2
"37657","264.0",2
"80441","264.0",2
"63005","264.0",2
"77500","264.0",2
"82749","264.0",2
"63418","264.0",2
"73991","264.0",2
"91509","264.0",2
"68887","266.0",2
"80538","266.0",2
"38194","266.0",2
"71090","266.0",2
"38365","266.0",2
"70111","266.0",2
"82740","266.0",2
"84889","266.0",2
"91815","266.0",2
"37644","267.0",2
"80692","267.0",2
"70933","267.0",2
"82306","267.0",2
"73876","267.0",2
"61986","267.0",2
"73421","267.0",2
"73910","275.0",2
"72605","275.0",2
"63000","275.0",2
"89156","275.0",2
"70934","275.0",2
"68907","275.0",2
"78946","276.0",2
"63008","276.0",2
"71507","276.0",2
"50408","276.0",2
"68817","276.0",2
"84554","276.0",2
"50317","277.0",2
"62974","277.0",2
"78248","277.0",2
"73855","277.0",2
"88224","277.0",2
"36591","277.0",2
"84263","282.0",2
"68925","282.0",2
"38061","282.0",2
"79042","282.0",2
"91156","282.0",2
"87229","282.0",2
"87393","282.0",2
"50459","283.0",2
"60819","283.0",2
"37604","283.0",2
"69014","283.0",2
"51705","283.0",2
"78407","283.0",2
"73860","283.0",2
"87400","283.0",2
"80853","284.0",2
"81223","284.0",2
"42501","284.0",2
"71572","284.0",2
"83048","284.0",2
"90332","284.0",2
"36540","285.0",2
"52253","285.0",2
"63172","285.0",2
"49651","285.0",2
"82613","285.0",2
"63031","290.0",2
"80036","290.0",2
"85399","290.0",2
"71784","290.0",2
"72490","290.0",2
"91772","290.0",2
"89816","290.0",2
"38100","292.0",2
"38632","292.0",2
"73957","292.0",2
"71593","292.0",2
"78422","292.0",2
"91664","292.0",2
"80281","293.0",2
"37840","293.0",2
"88870","293.0",2
"50427","293.0",2
"83528","293.0",2
"79334","293.0",2
"82459","293.0",2
"91866","293.0",2
"51495","303.0",2
"68827","303.0",2
"69143","303.0",2
"69165","303.0",2
"86713","303.0",2
"91261","303.0",2
"91273","303.0",2
"42489","314.0",2
"38745","314.0",2
"79702","314.0",2
"51299","314.0",2
"87268","314.0",2
"50439","315.0",2
"50361","315.0",2
"69008","315.0",2
"50393","315.0",2
"51168","315.0",2
"87201","315.0",2
"89191","315.0",2
"38394","316.0",2
"38515","316.0",2
"72039","316.0",2
"73620","316.0",2
"62971","316.0",2
"91920","316.0",2
"91921","316.0",2
"62004","317.0",2
"78648","317.0",2
"73528","317.0",2
"83101","317.0",2
"79339","317.0",2
"78414","317.0",2
"82461","317.0",2
"90320","317.0",2
"90319","317.0",2
"86970","",2
"91946","",2
"77773","",2
"68945","",2
"92087","",2
"63354","",2
"37623","",2
"82403","",2
"92182","",2
"71603","",2
"92291","",2
"82341","",2
"41159","",2
"92500","",2
"38425","",2
"72133","",2
"92662","",2
"69070","",2
"89226","",2
"87225","",2
"93368","",2
"93378","",2
"50301","262.0",2
"73918","262.0",2
"38311","262.0",2
"85586","262.0",2
"73515","262.0",2
"68962","262.0",2
"74060","262.0",2
"37993","262.0",2
"69268","262.0",2
"81121","262.0",2
"91263","262.0",2
"38315","264.0",2
"52190","264.0",2
"38398","264.0",2
"54395","264.0",2
"38067","264.0",2
"50877","264.0",2
"78891","264.0",2
"37608","264.0",2
"70132","264.0",2
"72943","264.0",2
"51681","264.0",2
"70944","264.0",2
"37654","264.0",2
"56102","264.0",2
"71844","264.0",2
"82503","264.0",2
"88054","264.0",2
"86588","264.0",2
"91714","264.0",2
"91323","264.0",2
"82455","264.0",2
"91715","264.0",2
"90370","264.0",2
"82939","264.0",2
"84993","264.0",2
"62047","266.0",2
"89256","266.0",2
"80370","266.0",2
"37674","266.0",2
"71162","266.0",2
"80944","266.0",2
"38440","266.0",2
"85121","266.0",2
"90366","266.0",2
"80400","266.0",2
"87999","266.0",2
"90311","266.0",2
"50533","267.0",2
"60853","267.0",2
"68697","267.0",2
"84679","267.0",2
"50454","267.0",2
"38763","267.0",2
"78652","267.0",2
"78556","267.0",2
"88379","267.0",2
"37627","267.0",2
"53896","267.0",2
"84557","267.0",2
"72117","267.0",2
"79585","267.0",2
"87483","267.0",2
"38435","275.0",2
"38530","275.0",2
"62104","275.0",2
"78605","275.0",2
"84585","275.0",2
"68685","275.0",2
"42232","275.0",2
"80576","275.0",2
"86410","275.0",2
"37718","275.0",2
"83683","275.0",2
"80721","275.0",2
"88866","275.0",2
"91495","275.0",2
"90300","275.0",2
"87810","275.0",2
"62977","276.0",2
"60803","276.0",2
"37607","276.0",2
"38064","276.0",2
"50421","276.0",2
"73800","276.0",2
"86841","276.0",2
"85629","276.0",2
"50324","276.0",2
"71123","276.0",2
"38908","277.0",2
"37917","277.0",2
"68954","277.0",2
"73974","277.0",2
"90566","277.0",2
"80583","277.0",2
"50417","277.0",2
"78235","277.0",2
"88597","277.0",2
"70986","277.0",2
"84896","277.0",2
"88002","277.0",2
"89637","277.0",2
"69240","282.0",2
"50294","282.0",2
"51318","282.0",2
"37851","282.0",2
"84927","282.0",2
"36790","282.0",2
"72871","282.0",2
"60784","282.0",2
"68938","282.0",2
"84851","282.0",2
"89306","282.0",2
"78994","282.0",2
"87291","282.0",2
"87863","283.0",2
"54424","283.0",2
"37694","283.0",2
"38921","283.0",2
"69099","283.0",2
"50382","283.0",2
"85040","283.0",2
"63058","283.0",2
"73721","283.0",2
"87401","283.0",2
"89924","283.0",2
"51548","284.0",2
"38738","284.0",2
"71234","284.0",2
"38196","284.0",2
"70116","284.0",2
"88479","284.0",2
"78715","284.0",2
"90303","284.0",2
"82703","284.0",2
"90334","284.0",2
"90532","284.0",2
"89227","284.0",2
"62023","285.0",2
"38219","285.0",2
"69325","285.0",2
"38852","285.0",2
"38573","285.0",2
"85423","285.0",2
"62129","285.0",2
"88366","285.0",2
"73750","285.0",2
"78530","285.0",2
"78865","285.0",2
"81091","285.0",2
"89930","285.0",2
"90481","285.0",2
"91916","285.0",2
"91917","285.0",2
"38695","290.0",2
"63283","290.0",2
"50295","290.0",2
"88917","290.0",2
"70992","290.0",2
"37783","290.0",2
"38074","290.0",2
"86935","290.0",2
"91228","290.0",2
"86943","290.0",2
"86934","290.0",2
"38278","290.0",2
"91711","290.0",2
"83433","290.0",2
"68911","292.0",2
"68834","292.0",2
"74140","292.0",2
"84382","292.0",2
"38021","292.0",2
"81952","292.0",2
"82647","292.0",2
"38579","292.0",2
"44857","292.0",2
"85149","292.0",2
"89466","292.0",2
"87742","292.0",2
"82634","292.0",2
"83266","293.0",2
"69018","293.0",2
"69705","293.0",2
"80129","293.0",2
"71113","293.0",2
"50292","293.0",2
"71778","293.0",2
"86765","293.0",2
"74078","293.0",2
"84381","293.0",2
"78176","293.0",2
"82463","293.0",2
"79432","293.0",2
"82466","293.0",2
"73769","293.0",2
"84707","293.0",2
"84794","293.0",2
"84098","293.0",2
"91687","293.0",2
"51319","303.0",2
"42213","303.0",2
"68951","303.0",2
"78965","303.0",2
"38186","303.0",2
"82381","303.0",2
"77551","303.0",2
"69016","303.0",2
"82680","303.0",2
"86148","303.0",2
"87214","303.0",2
"91901","303.0",2
"38150","314.0",2
"60822","314.0",2
"41387","314.0",2
"63020","314.0",2
"49641","314.0",2
"63003","314.0",2
"73863","314.0",2
"73445","314.0",2
"73502","314.0",2
"62107","314.0",2
"91234","314.0",2
"60797","314.0",2
"91761","314.0",2
"88309","314.0",2
"82791","314.0",2
"68698","315.0",2
"62009","315.0",2
"38069","315.0",2
"50313","315.0",2
"63014","315.0",2
"85931","315.0",2
"51293","315.0",2
"54250","315.0",2
"79892","315.0",2
"79193","315.0",2
"73513","315.0",2
"78458","315.0",2
"90872","315.0",2
"82566","315.0",2
"90290","315.0",2
"63119","316.0",2
"72084","316.0",2
"37652","316.0",2
"77911","316.0",2
"68830","316.0",2
"51476","316.0",2
"81950","316.0",2
"81914","316.0",2
"84887","316.0",2
"83688","316.0",2
"63096","316.0",2
"69047","316.0",2
"87747","316.0",2
"80393","316.0",2
"90703","316.0",2
"41859","317.0",2
"37781","317.0",2
"71042","317.0",2
"82337","317.0",2
"68910","317.0",2
"78897","317.0",2
"90321","317.0",2
"84314","317.0",2
"91391","317.0",2
"91741","317.0",2
"70162","",2
"91973","",2
"91947","",2
"38187","",2
"37792","",2
"82567","",2
"72382","",2
"38482","",2
"37633","",2
"38032","",2
"84530","",2
"73529","",2
"61033","",2
"88307","",2
"68922","",2
"71581","",2
"77777","",2
"81847","",2
"87929","",2
"92085","",2
"38768","",2
"74076","",2
"80399","",2
"87227","",2
"90420","",2
"68987","",2
"71719","",2
"77567","",2
"92145","",2
"60802","",2
"85297","",2
"79400","",2
"36802","",2
"70173","",2
"37688","",2
"85984","",2
"92150","",2
"82750","",2
"80363","",2
"92225","",2
"92434","",2
"83817","",2
"92497","",2
"78855","",2
"87552","",2
"72007","",2
"70515","",2
"62131","",2
"87158","",2
"92190","",2
"92574","",2
"92584","",2
"92604","",2
"92631","",2
"37837","",2
"54422","",2
"80288","",2
"74081","",2
"85465","",2
"92841","",2
"92981","",2
"89285","",2
"93108","",2
"93152","",2
"90259","",2
"93282","",2
"86763","",2
"93283","",2
"93377","",2
"93376","",2
"37673","262.0",2
"78578","262.0",2
"69022","262.0",2
"72893","262.0",2
"80913","262.0",2
"91264","262.0",2
"88072","262.0",2
"72167","264.0",2
"75295","264.0",2
"82456","264.0",2
"68744","264.0",2
"38279","264.0",2
"38959","264.0",2
"50880","264.0",2
"62127","264.0",2
"70929","264.0",2
"88056","264.0",2
"90031","264.0",2
"80287","264.0",2
"83255","264.0",2
"88323","264.0",2
"91575","264.0",2
"90890","264.0",2
"38162","266.0",2
"84791","266.0",2
"36650","266.0",2
"84684","266.0",2
"70759","266.0",2
"80188","266.0",2
"80537","266.0",2
"91128","266.0",2
"86444","266.0",2
"37613","267.0",2
"85211","267.0",2
"79584","267.0",2
"61188","267.0",2
"86725","267.0",2
"86189","267.0",2
"88233","267.0",2
"82510","267.0",2
"68920","275.0",2
"38957","275.0",2
"87420","275.0",2
"78968","275.0",2
"89154","275.0",2
"73085","275.0",2
"62069","275.0",2
"70106","275.0",2
"71549","275.0",2
"37919","276.0",2
"88269","276.0",2
"50347","276.0",2
"49675","276.0",2
"78580","276.0",2
"86842","276.0",2
"38246","277.0",2
"38910","277.0",2
"73896","277.0",2
"83257","277.0",2
"86837","277.0",2
"73649","282.0",2
"63219","282.0",2
"68929","282.0",2
"85027","282.0",2
"38138","282.0",2
"68690","282.0",2
"68807","282.0",2
"68953","283.0",2
"42116","283.0",2
"60788","283.0",2
"81905","283.0",2
"81845","283.0",2
"82787","283.0",2
"83189","283.0",2
"89190","283.0",2
"83772","283.0",2
"86759","284.0",2
"83028","284.0",2
"78012","284.0",2
"86757","284.0",2
"89467","284.0",2
"90302","284.0",2
"78435","285.0",2
"37653","285.0",2
"71495","285.0",2
"70360","285.0",2
"38108","285.0",2
"37655","285.0",2
"80280","285.0",2
"89815","285.0",2
"88780","285.0",2
"86512","285.0",2
"84848","290.0",2
"71381","290.0",2
"90285","290.0",2
"82632","290.0",2
"78236","290.0",2
"71121","290.0",2
"84997","290.0",2
"90917","290.0",2
"91267","290.0",2
"73641","290.0",2
"72386","292.0",2
"73806","292.0",2
"87741","292.0",2
"72389","292.0",2
"83511","292.0",2
"91002","292.0",2
"91004","292.0",2
"91003","292.0",2
"89694","292.0",2
"62128","293.0",2
"82469","293.0",2
"38525","293.0",2
"77579","293.0",2
"74271","293.0",2
"88850","293.0",2
"79710","293.0",2
"91186","293.0",2
"90406","293.0",2
"74086","293.0",2
"81369","293.0",2
"37941","303.0",2
"73635","303.0",2
"80949","303.0",2
"60825","303.0",2
"91702","303.0",2
"83395","303.0",2
"72204","303.0",2
"80381","303.0",2
"86618","303.0",2
"68893","314.0",2
"83335","314.0",2
"38178","314.0",2
"71995","314.0",2
"78977","314.0",2
"82616","314.0",2
"89695","314.0",2
"89696","314.0",2
"38287","315.0",2
"55519","315.0",2
"61135","315.0",2
"72099","315.0",2
"51683","315.0",2
"89445","315.0",2
"68974","316.0",2
"81770","316.0",2
"69048","316.0",2
"78967","316.0",2
"87732","316.0",2
"78117","316.0",2
"87586","316.0",2
"77809","316.0",2
"91654","316.0",2
"85210","316.0",2
"63133","316.0",2
"62056","317.0",2
"62119","317.0",2
"60859","317.0",2
"70928","317.0",2
"69019","317.0",2
"70121","317.0",2
"82737","317.0",2
"79228","317.0",2
"81612","317.0",2
"86890","317.0",2
"62120","317.0",2
"89904","317.0",2
"91468","317.0",2
"82653","",2
"84703","",2
"82640","",2
"82397","",2
"91972","",2
"53148","",2
"87197","",2
"87391","",2
"70018","",2
"38247","",2
"79947","",2
"81772","",2
"89479","",2
"62011","",2
"40179","",2
"92078","",2
"68758","",2
"82767","",2
"86485","",2
"73446","",2
"37784","",2
"68952","",2
"42222","",2
"71799","",2
"38508","",2
"69282","",2
"92170","",2
"92146","",2
"68773","",2
"92192","",2
"51820","",2
"92193","",2
"38139","",2
"91740","",2
"38913","",2
"69141","",2
"78756","",2
"78718","",2
"92290","",2
"50402","",2
"38960","",2
"53865","",2
"88140","",2
"73540","",2
"92504","",2
"83438","",2
"40758","",2
"54797","",2
"92623","",2
"92617","",2
"53189","",2
"92630","",2
"88165","",2
"72724","",2
"92663","",2
"68787","",2
"61149","",2
"92696","",2
"92764","",2
"92811","",2
"93151","",2
"93281","",2
"89444","",2
"41327","262.0",2
"45125","264.0",2
"81031","264.0",2
"62139","266.0",2
"79343","267.0",2
"36940","275.0",2
"70163","276.0",2
"91274","277.0",2
"40025","282.0",2
"62136","283.0",2
"43618","284.0",2
"73766","285.0",2
"39042","290.0",2
"87211","292.0",2
"86486","293.0",2
"37245","303.0",2
"37306","314.0",2
"60780","315.0",2
"73317","316.0",2
"79866","317.0",2
"62137","",2
"91970","",2
"79437","",2
"60752","",2
"73717","",2
"41258","",2
"84863","",2
"37246","",2
"36856","",2
"92083","",2
"72767","",2
"40990","",2
"37187","",2
"92273","",2
"51365","",2
"70323","",2
"37085","",2
"92522","",2
"37281","",2
"50281","",2
"92702","",2
"37086","",2
"73580","",2
"92837","",2
"92901","",2
"93028","",2
"93153","",2
"87613","",2
"93317","",2
"79019","",2
"89258","262",3
"68873","262",3
"79066","262",3
"91194","262",3
"38109","263",3
"70222","263",3
"89492","263",3
"95694","263",3
"79973","263",3
"93795","263",3
"91808","264",3
"80286","264",3
"42234","264",3
"78584","264",3
"51413","264",3
"49673","266",3
"92438","266",3
"38431","266",3
"85004","266",3
"38140","275",3
"72290","275",3
"78151","275",3
"85083","275",3
"91260","276",3
"68932","276",3
"71043","276",3
"51175","276",3
"78839","277",3
"94044","277",3
"62121","277",3
"69040","277",3
"85425","277",3
"37659","282",3
"68979","282",3
"52950","282",3
"93882","282",3
"85418","282",3
"95118","282",3
"68928","283",3
"79048","283",3
"93869","283",3
"94962","283",3
"37656","283",3
"96024","283",3
"37770","284",3
"87611","284",3
"71818","284",3
"95121","284",3
"87008","284",3
"90331","284",3
"97138","284",3
"68872","285",3
"69051","285",3
"91710","285",3
"93834","285",3
"69041","285",3
"96468","285",3
"71571","287",3
"91101","287",3
"92207","287",3
"70216","287",3
"90892","287",3
"88430","292",3
"94147","292",3
"71724","292",3
"41218","292",3
"71631","293",3
"69012","293",3
"63082","293",3
"86760","293",3
"91204","293",3
"73336","294",3
"50284","294",3
"93846","294",3
"77556","294",3
"72603","294",3
"88136","303",3
"78086","303",3
"69010","303",3
"80394","303",3
"37984","303",3
"72488","315",3
"37788","315",3
"52897","315",3
"82768","315",3
"73414","316",3
"88916","316",3
"88848","316",3
"74061","316",3
"84266","316",3
"81881","327",3
"38350","327",3
"84555","327",3
"78979","344",3
"37601","344",3
"94143","344",3
"97441","344",3
"95861","262",3
"68711","262",3
"88065","262",3
"73992","262",3
"62086","262",3
"86629","262",3
"70916","263",3
"91783","263",3
"86410","263",3
"93797","263",3
"90336","263",3
"55348","263",3
"96524","263",3
"92054","263",3
"60852","264",3
"42500","264",3
"94765","264",3
"87228","264",3
"62130","266",3
"72097","266",3
"81951","266",3
"37662","266",3
"88393","266",3
"71892","266",3
"90486","266",3
"49674","275",3
"79887","275",3
"89273","275",3
"42145","275",3
"42499","276",3
"87486","276",3
"88540","276",3
"95831","276",3
"95660","276",3
"38451","276",3
"77967","276",3
"87350","276",3
"89343","276",3
"87192","277",3
"88225","277",3
"92094","277",3
"70046","277",3
"89342","277",3
"60969","282",3
"61211","282",3
"79826","282",3
"38229","282",3
"63013","282",3
"96532","282",3
"70317","282",3
"84861","282",3
"80318","283",3
"81150","283",3
"78632","283",3
"79256","283",3
"50362","283",3
"62024","283",3
"95260","283",3
"90531","284",3
"94228","284",3
"50328","284",3
"92501","284",3
"92618","284",3
"38523","284",3
"74075","284",3
"82639","284",3
"89275","285",3
"72896","285",3
"92661","285",3
"93835","285",3
"37790","285",3
"89976","285",3
"85591","285",3
"78868","285",3
"68725","287",3
"80374","287",3
"80431","287",3
"84890","287",3
"85882","287",3
"91387","292",3
"78445","292",3
"91001","292",3
"73384","292",3
"79553","292",3
"93804","292",3
"82499","292",3
"51042","292",3
"79646","293",3
"69177","293",3
"50645","293",3
"86764","293",3
"68821","293",3
"90587","293",3
"96591","293",3
"77895","294",3
"63194","294",3
"94985","294",3
"72932","294",3
"86820","294",3
"95291","294",3
"68808","303",3
"86411","303",3
"78850","303",3
"84917","303",3
"96870","303",3
"83760","315",3
"87482","315",3
"74074","315",3
"69782","315",3
"63110","315",3
"90777","315",3
"72334","316",3
"77529","316",3
"90679","316",3
"94013","316",3
"89977","316",3
"87213","316",3
"80552","316",3
"97133","316",3
"60794","327",3
"42236","327",3
"93884","327",3
"52674","327",3
"39152","327",3
"61238","327",3
"84382","327",3
"73854","327",3
"92692","327",3
"97431","327",3
"37701","344",3
"71885","344",3
"87399","344",3
"68904","344",3
"95624","344",3
"82775","344",3
"73344","344",3
"71116","344",3
"86779","344",3
"97233","344",3
"73421","262",3
"36540","262",3
"90320","262",3
"94214","262",3
"92500","262",3
"81923","262",3
"52253","262",3
"82403","262",3
"89493","263",3
"72037","263",3
"95638","263",3
"86972","263",3
"51299","263",3
"93414","263",3
"71122","263",3
"87887","264",3
"77500","264",3
"95820","264",3
"50439","264",3
"73375","264",3
"87225","264",3
"68887","266",3
"68827","266",3
"91815","266",3
"80538","266",3
"50856","266",3
"83615","275",3
"37657","275",3
"72605","275",3
"51415","275",3
"85241","275",3
"93378","275",3
"88368","275",3
"38062","276",3
"71603","276",3
"73800","276",3
"95662","276",3
"71227","276",3
"92087","276",3
"89226","276",3
"50408","276",3
"84554","276",3
"63128","276",3
"50317","277",3
"88224","277",3
"79035","277",3
"78248","277",3
"95837","277",3
"93368","277",3
"38061","282",3
"91156","282",3
"81223","282",3
"95794","282",3
"79042","282",3
"69042","282",3
"68925","282",3
"87393","282",3
"91251","283",3
"69014","283",3
"60819","283",3
"90768","283",3
"92291","283",3
"50459","283",3
"51705","283",3
"72490","284",3
"72491","284",3
"71572","284",3
"80853","284",3
"68958","284",3
"83048","284",3
"95832","284",3
"92662","284",3
"86745","284",3
"87342","284",3
"63172","285",3
"95829","285",3
"49651","285",3
"50462","285",3
"91946","285",3
"82613","285",3
"86970","285",3
"82626","285",3
"86861","287",3
"88087","287",3
"81543","287",3
"70111","287",3
"51792","287",3
"63000","287",3
"38365","287",3
"91359","287",3
"38100","292",3
"68950","292",3
"78422","292",3
"71593","292",3
"91664","292",3
"90764","292",3
"38632","292",3
"81241","292",3
"73544","293",3
"77773","293",3
"86143","293",3
"80281","293",3
"83528","293",3
"37604","293",3
"38394","293",3
"87267","293",3
"91866","293",3
"79334","293",3
"37623","294",3
"79276","294",3
"73991","294",3
"92182","294",3
"73465","294",3
"96349","294",3
"97443","294",3
"97448","294",3
"78407","303",3
"50427","303",3
"51495","303",3
"38425","303",3
"79702","303",3
"97436","303",3
"68723","315",3
"77868","315",3
"50393","315",3
"69008","315",3
"94003","315",3
"50361","315",3
"78895","315",3
"87201","315",3
"71634","316",3
"91920","316",3
"62974","316",3
"62971","316",3
"73620","316",3
"38515","316",3
"88387","327",3
"87402","327",3
"93883","327",3
"51702","327",3
"51549","327",3
"82740","327",3
"51707","327",3
"97432","327",3
"36591","344",3
"68907","344",3
"74014","344",3
"90942","344",3
"95623","344",3
"84847","344",3
"42247","344",3
"83786","344",3
"50301","262",3
"68685","262",3
"74083","262",3
"71066","262",3
"73918","262",3
"71709","262",3
"94930","262",3
"92631","262",3
"73515","262",3
"38311","262",3
"78478","262",3
"70173","262",3
"92981","262",3
"38909","262",3
"68698","263",3
"93697","263",3
"89885","263",3
"84324","263",3
"72362","263",3
"71032","263",3
"61985","263",3
"38928","263",3
"90399","263",3
"91222","263",3
"94067","263",3
"62009","263",3
"80224","263",3
"82474","263",3
"82584","263",3
"95798","263",3
"88125","263",3
"97352","263",3
"50294","264",3
"68770","264",3
"91714","264",3
"80944","264",3
"70944","264",3
"78765","264",3
"37608","264",3
"61033","264",3
"90370","264",3
"54395","264",3
"54424","264",3
"68938","264",3
"68954","264",3
"38067","264",3
"89150","264",3
"96832","264",3
"88030","264",3
"97315","264",3
"94336","266",3
"50407","266",3
"92497","266",3
"87999","266",3
"37688","266",3
"90311","266",3
"85121","266",3
"80370","266",3
"80399","266",3
"73511","266",3
"73513","266",3
"73353","266",3
"38440","266",3
"89256","266",3
"93790","266",3
"93791","266",3
"95950","266",3
"63158","275",3
"78605","275",3
"37718","275",3
"36612","275",3
"89285","275",3
"86935","275",3
"78855","275",3
"62047","275",3
"38530","275",3
"86686","275",3
"84585","275",3
"95770","275",3
"95659","276",3
"71123","276",3
"37607","276",3
"77777","276",3
"95637","276",3
"94931","276",3
"50324","276",3
"50421","276",3
"62977","276",3
"62129","276",3
"85629","276",3
"82627","276",3
"70958","276",3
"89637","277",3
"90566","277",3
"90569","277",3
"87552","277",3
"68745","277",3
"78548","277",3
"37917","277",3
"78235","277",3
"70986","277",3
"88597","277",3
"95466","277",3
"95619","277",3
"95620","277",3
"95621","277",3
"94045","277",3
"95464","277",3
"73974","277",3
"38908","277",3
"71055","277",3
"50417","277",3
"81148","277",3
"80583","277",3
"92841","277",3
"93376","277",3
"96328","277",3
"37851","282",3
"97349","282",3
"71829","282",3
"69240","282",3
"95022","282",3
"50369","282",3
"60784","282",3
"89693","282",3
"51318","282",3
"81682","282",3
"84851","282",3
"84926","282",3
"83004","282",3
"96433","282",3
"87158","282",3
"97324","282",3
"90535","283",3
"87860","283",3
"87863","283",3
"89924","283",3
"81776","283",3
"37694","283",3
"74140","283",3
"38421","283",3
"80363","283",3
"62104","283",3
"86797","283",3
"73721","283",3
"84558","283",3
"38064","283",3
"90335","284",3
"90532","284",3
"88479","284",3
"78715","284",3
"38196","284",3
"90334","284",3
"92574","284",3
"38738","284",3
"51548","284",3
"90290","284",3
"90303","284",3
"89227","284",3
"93152","284",3
"82567","284",3
"96340","284",3
"86754","284",3
"38219","285",3
"90481","285",3
"85465","285",3
"91916","285",3
"81091","285",3
"78865","285",3
"68910","285",3
"70742","285",3
"80393","285",3
"60788","285",3
"94722","285",3
"91917","285",3
"78994","285",3
"85423","285",3
"38573","285",3
"38852","285",3
"42213","285",3
"89930","285",3
"89815","285",3
"78530","285",3
"96342","285",3
"91102","287",3
"88002","287",3
"72071","287",3
"70058","287",3
"90309","287",3
"85400","287",3
"39144","287",3
"63058","287",3
"91950","287",3
"91100","287",3
"86859","287",3
"93146","287",3
"72871","287",3
"89466","292",3
"87742","292",3
"68834","292",3
"72717","292",3
"74060","292",3
"68911","292",3
"69343","292",3
"94445","292",3
"95539","292",3
"50454","292",3
"38579","292",3
"86519","292",3
"85040","292",3
"85149","292",3
"93282","292",3
"69047","292",3
"96633","292",3
"69018","293",3
"71162","293",3
"74078","293",3
"86766","293",3
"69705","293",3
"91687","293",3
"86765","293",3
"92085","293",3
"95127","293",3
"85984","293",3
"83266","293",3
"82463","293",3
"94924","293",3
"85069","293",3
"71479","293",3
"96788","293",3
"37792","294",3
"95855","294",3
"68697","294",3
"78464","294",3
"71040","294",3
"74210","294",3
"37705","294",3
"72943","294",3
"70132","294",3
"94509","294",3
"86588","294",3
"92225","294",3
"56102","294",3
"42232","294",3
"82939","294",3
"96055","294",3
"97444","294",3
"97449","294",3
"97451","294",3
"37837","303",3
"50295","303",3
"38021","303",3
"68987","303",3
"95663","303",3
"73281","303",3
"71719","303",3
"94154","303",3
"92193","303",3
"95337","303",3
"95335","303",3
"71844","303",3
"83817","303",3
"85586","303",3
"79193","303",3
"90037","303",3
"92762","303",3
"97437","303",3
"70759","315",3
"78500","315",3
"90634","315",3
"68881","315",3
"94288","315",3
"78991","315",3
"38032","315",3
"68962","315",3
"94004","315",3
"63014","315",3
"85931","315",3
"82703","315",3
"68951","315",3
"51476","315",3
"79892","315",3
"50313","316",3
"37652","316",3
"87747","316",3
"81950","316",3
"71707","316",3
"80330","316",3
"70162","316",3
"92145","316",3
"95622","316",3
"71778","316",3
"83688","316",3
"84887","316",3
"80576","316",3
"84927","316",3
"82128","316",3
"90703","316",3
"71656","316",3
"73347","316",3
"74017","316",3
"97342","316",3
"81898","327",3
"69033","327",3
"90635","327",3
"90637","327",3
"73863","327",3
"68956","327",3
"93885","327",3
"93886","327",3
"38822","327",3
"91928","327",3
"82381","327",3
"87361","327",3
"95997","327",3
"97317","327",3
"97350","327",3
"87291","344",3
"38763","344",3
"88129","344",3
"80129","344",3
"49737","344",3
"72168","344",3
"72007","344",3
"79077","344",3
"70057","344",3
"83434","344",3
"92518","344",3
"95626","344",3
"89640","344",3
"60791","344",3
"95625","344",3
"68924","344",3
"86527","344",3
"80171","344",3
"93567","344",3
"92850","344",3
"90872","344",3
"97460","344",3
"68953","262",3
"68744","262",3
"68758","262",3
"75295","262",3
"94138","262",3
"91264","262",3
"69022","262",3
"93151","262",3
"68900","263",3
"88651","263",3
"77772","263",3
"79578","263",3
"94068","263",3
"92128","263",3
"68901","263",3
"50413","263",3
"83772","263",3
"84592","263",3
"68690","264",3
"68918","264",3
"88140","264",3
"88323","264",3
"61149","264",3
"92630","264",3
"80287","264",3
"49675","264",3
"73635","264",3
"86932","264",3
"92191","264",3
"96831","264",3
"38617","266",3
"92290","266",3
"36650","266",3
"94583","266",3
"92081","266",3
"81905","266",3
"80188","266",3
"73806","266",3
"42222","266",3
"68895","266",3
"95937","266",3
"89154","275",3
"95799","275",3
"87420","275",3
"89898","275",3
"37673","275",3
"68920","275",3
"69282","275",3
"92623","275",3
"78968","275",3
"38957","275",3
"84848","275",3
"97445","275",3
"61188","276",3
"89840","276",3
"88269","276",3
"82411","276",3
"95661","276",3
"50347","276",3
"53148","276",3
"92663","276",3
"85297","276",3
"71549","276",3
"89839","276",3
"84817","276",3
"96558","276",3
"72382","277",3
"83257","277",3
"90651","277",3
"94649","277",3
"95465","277",3
"77959","277",3
"38910","277",3
"78578","277",3
"82787","277",3
"86323","277",3
"96966","277",3
"38162","282",3
"63219","282",3
"38246","282",3
"81770","282",3
"95779","282",3
"94894","282",3
"95023","282",3
"95651","282",3
"73649","282",3
"70987","282",3
"85027","282",3
"82758","282",3
"91094","283",3
"95560","283",3
"89190","283",3
"81845","283",3
"89444","283",3
"37798","283",3
"83189","283",3
"42116","283",3
"87391","283",3
"82469","283",3
"38139","284",3
"68773","284",3
"78371","284",3
"70929","284",3
"94207","284",3
"90302","284",3
"92504","284",3
"92617","284",3
"86759","284",3
"86757","284",3
"83028","284",3
"95978","284",3
"72389","285",3
"80080","285",3
"78435","285",3
"85930","285",3
"61999","285",3
"92764","285",3
"70360","285",3
"86620","285",3
"85596","285",3
"84709","285",3
"80280","285",3
"90540","285",3
"79170","287",3
"37613","287",3
"89676","287",3
"70928","287",3
"71117","287",3
"68930","287",3
"68952","287",3
"92614","287",3
"38960","287",3
"91003","292",3
"68779","292",3
"95693","292",3
"94144","292",3
"95180","292",3
"95181","292",3
"82767","292",3
"73540","292",3
"54797","292",3
"55519","292",3
"92078","292",3
"93746","292",3
"72886","292",3
"90406","293",3
"68893","293",3
"90307","293",3
"83335","293",3
"60834","293",3
"69138","293",3
"95126","293",3
"62128","293",3
"86842","293",3
"92811","293",3
"96076","293",3
"90899","293",3
"86189","293",3
"38356","293",3
"84190","293",3
"68807","294",3
"92192","294",3
"88417","294",3
"95315","294",3
"91519","294",3
"83438","294",3
"73085","294",3
"68917","294",3
"40179","294",3
"71694","294",3
"97450","294",3
"70874","303",3
"60825","303",3
"77809","303",3
"83255","303",3
"38279","303",3
"38287","303",3
"80076","303",3
"97438","303",3
"93566","315",3
"94286","315",3
"94249","315",3
"61135","315",3
"84290","315",3
"91743","315",3
"90265","315",3
"71799","315",3
"62056","315",3
"51683","315",3
"84684","315",3
"80403","316",3
"78967","316",3
"37655","316",3
"50326","316",3
"71769","316",3
"63133","316",3
"53669","316",3
"95841","316",3
"82952","316",3
"86725","316",3
"82570","316",3
"96201","316",3
"89101","327",3
"72099","327",3
"80913","327",3
"94933","327",3
"37941","327",3
"37894","327",3
"62119","327",3
"70165","327",3
"79954","327",3
"82653","327",3
"80537","327",3
"70018","327",3
"91649","327",3
"97433","327",3
"93733","344",3
"78117","344",3
"80337","344",3
"71915","344",3
"79947","344",3
"38230","344",3
"95627","344",3
"62127","344",3
"86485","344",3
"72167","344",3
"97442","344",3
"95780","262",3
"36934","262",3
"92180","263",3
"70696","264",3
"45125","264",3
"36940","264",3
"60752","264",3
"40025","266",3
"73476","266",3
"42411","275",3
"78361","276",3
"41273","276",3
"37424","276",3
"88898","276",3
"40990","277",3
"62136","282",3
"93317","282",3
"70622","283",3
"37281","283",3
"91970","284",3
"79437","284",3
"41929","284",3
"73580","285",3
"36856","285",3
"72588","285",3
"73317","287",3
"39850","287",3
"92702","292",3
"36943","293",3
"37306","294",3
"93153","294",3
"39355","294",3
"87211","303",3
"92901","303",3
"95830","315",3
"37245","315",3
"41946","315",3
"60780","316",3
"94767","316",3
"81031","316",3
"81794","327",3
"92837","327",3
"39431","327",3
"62137","327",3
"86486","344",3
"89339","344",3
"79343","344",3
"37770",,4
"36612",,4
"37306",,4
"37604",,4
"36540",,4
"37718",,4
"37281",,4
"37798",,4
"37705",,4
"37792",,4
"37701",,4
"38196",,4
"37623",,4
"37607",,4
"37608",,4
"38545",,4
"37644",,4
"37646",,4
"37645",,4
"37657",,4
"37653",,4
"37694",,4
"37656",,4
"37673",,4
"37655",,4
"38225",,4
"37840",,4
"37674",,4
"38246",,4
"38311",,4
"38229",,4
"37662",,4
"37688",,4
"38277",,4
"38394",,4
"38287",,4
"38279",,4
"38315",,4
"38440",,4
"38425",,4
"38738",,4
"38431",,4
"38530",,4
"38523",,4
"38421",,4
"41327",,4
"38508",,4
"38748",,4
"38908",,4
"38928",,4
"38910",,4
"38852",,4
"38913",,4
"39572",,4
"38957",,4
"38909",,4
"40006",,4
"40179",,4
"40025",,4
"39152",,4
"41218",,4
"42116",,4
"41363",,4
"40990",,4
"42222",,4
"41929",,4
"42213",,4
"42140",,4
"42145",,4
"42234",,4
"42330",,4
"42232",,4
"49674",,4
"42411",,4
"49673",,4
"50284",,4
"42501",,4
"50301",,4
"42499",,4
"42500",,4
"50294",,4
"50324",,4
"50328",,4
"50398",,4
"50369",,4
"50407",,4
"50362",,4
"50307",,4
"50317",,4
"50402",,4
"50348",,4
"50459",,4
"50421",,4
"50439",,4
"51042",,4
"50427",,4
"50408",,4
"50645",,4
"50856",,4
"51175",,4
"51319",,4
"51299",,4
"51318",,4
"51413",,4
"51415",,4
"51705",,4
"55594",,4
"51772",,4
"53731",,4
"51905",,4
"51700",,4
"52253",,4
"54395",,4
"52950",,4
"54797",,4
"53669",,4
"52674",,4
"55348",,4
"60784",,4
"60787",,4
"60780",,4
"56102",,4
"51792",,4
"60802",,4
"60788",,4
"60969",,4
"61211",,4
"61149",,4
"60859",,4
"60819",,4
"61188",,4
"62024",,4
"60853",,4
"61033",,4
"61985",,4
"62009",,4
"62069",,4
"62047",,4
"62086",,4
"68834",,4
"62121",,4
"62128",,4
"62997",,4
"62104",,4
"63000",,4
"62974",,4
"62130",,4
"63058",,4
"69165",,4
"62129",,4
"63128",,4
"63110",,4
"63158",,4
"63013",,4
"68887",,4
"63172",,4
"68895",,4
"68893",,4
"63177",,4
"63219",,4
"68884",,4
"68901",,4
"68896",,4
"68911",,4
"68690",,4
"68910",,4
"63422",,4
"73991",,4
"68693",,4
"68928",,4
"68744",,4
"68725",,4
"68920",,4
"68745",,4
"68925",,4
"68929",,4
"68930",,4
"68932",,4
"68749",,4
"68758",,4
"68784",,4
"68938",,4
"68698",,4
"68808",,4
"68986",,4
"68954",,4
"68950",,4
"68987",,4
"68953",,4
"68770",,4
"68822",,4
"68995",,4
"68773",,4
"68979",,4
"68827",,4
"69014",,4
"69018",,4
"69008",,4
"69010",,4
"69012",,4
"69036",,4
"70323",,4
"69016",,4
"70222",,4
"70581",,4
"69040",,4
"69047",,4
"70666",,4
"69160",,4
"68807",,4
"69177",,4
"70742",,4
"70916",,4
"69138",,4
"70696",,4
"70929",,4
"70934",,4
"69249",,4
"70986",,4
"70944",,4
"69705",,4
"69282",,4
"71162",,4
"70046",,4
"70058",,4
"71066",,4
"71227",,4
"71719",,4
"70116",,4
"70009",,4
"70132",,4
"71920",,4
"71892",,4
"71389",,4
"71479",,4
"70173",,4
"71549",,4
"71572",,4
"71927",,4
"71571",,4
"72007",,4
"71937",,4
"71704",,4
"72079",,4
"71818",,4
"71631",,4
"72150",,4
"71709",,4
"71724",,4
"72168",,4
"72490",,4
"72362",,4
"72290",,4
"72565",,4
"72491",,4
"72037",,4
"72386",,4
"72603",,4
"72297",,4
"72745",,4
"72595",,4
"72893",,4
"72376",,4
"73336",,4
"72879",,4
"73340",,4
"73281",,4
"72871",,4
"79437",,4
"73978",,4
"73384",,4
"84855",,4
"73421",,4
"73446",,4
"73992",,4
"74140",,4
"74060",,4
"74081",,4
"74213",,4
"77967",,4
"74061",,4
"77529",,4
"74271",,4
"77544",,4
"75295",,4
"77500",,4
"78117",,4
"77959",,4
"77556",,4
"78578",,4
"78086",,4
"77551",,4
"78407",,4
"78445",,4
"78371",,4
"78077",,4
"78248",,4
"78548",,4
"78495",,4
"78464",,4
"78850",,4
"78715",,4
"78478",,4
"78497",,4
"78632",,4
"78840",,4
"78605",,4
"78584",,4
"78855",,4
"78968",,4
"78839",,4
"78991",,4
"79035",,4
"79042",,4
"78897",,4
"79041",,4
"78994",,4
"78856",,4
"79334",,4
"79193",,4
"78891",,4
"79066",,4
"79343",,4
"79578",,4
"79702",,4
"79892",,4
"79887",,4
"80129",,4
"80124",,4
"79701",,4
"80140",,4
"80281",,4
"80286",,4
"80189",,4
"80188",,4
"79973",,4
"80196",,4
"80583",,4
"80313",,4
"80318",,4
"80337",,4
"81150",,4
"80373",,4
"80537",,4
"80363",,4
"80370",,4
"80692",,4
"80853",,4
"80944",,4
"81094",,4
"81770",,4
"81684",,4
"81682",,4
"81219",,4
"81241",,4
"81845",,4
"81798",,4
"81903",,4
"81898",,4
"82411",,4
"82613",,4
"81223",,4
"82455",,4
"81905",,4
"82469",,4
"82463",,4
"82634",,4
"82647",,4
"82644",,4
"82567",,4
"82791",,4
"84382",,4
"82817",,4
"82754",,4
"83004",,4
"82515",,4
"83522",,4
"82787",,4
"82773",,4
"82943",,4
"83433",,4
"83048",,4
"83615",,4
"83772",,4
"83683",,4
"83786",,4
"86410",,4
"83817",,4
"84558",,4
"84554",,4
"84585",,4
"84718",,4
"84530",,4
"84313",,4
"84691",,4
"84703",,4
"84847",,4
"90366",,4
"84851",,4
"84761",,4
"84848",,4
"38001",,4
"37919",,4
"37934",,4
"37984",,4
"37851",,4
"38067",,4
"38062",,4
"38021",,4
"38100",,4
"83869",,4
"38140",,4
"83263",,4
"38138",,4
"38150",,4
"38109",,4
"38162",,4
"38156",,4
"85300",,4
"84861",,4
"84896",,4
"84926",,4
"84925",,4
"95332",,4
"84893",,4
"84993",,4
"84917",,4
"73515",,4
"73513",,4
"84890",,4
"73517",,4
"84927",,4
"86143",,4
"73635",,4
"73540",,4
"73649",,4
"73721",,4
"73800",,4
"86227",,4
"73876",,4
"73869",,4
"73974",,4
"95483",,4
"95335",,4
"86411",,4
"95539",,4
"95638",,4
"95542",,4
"95543",,4
"95651",,4
"86486",,4
"95770",,4
"95662",,4
"86508",,4
"86485",,4
"95780",,4
"73619",,4
"95660",,4
"95738",,4
"86519",,4
"73896",,4
"89694",,4
"95831",,4
"95843",,4
"95837",,4
"95820",,4
"95794",,4
"95798",,4
"96055",,4
"95849",,4
"95876",,4
"95978",,4
"89815",,4
"95936",,4
"96089",,4
"89696",,4
"96340",,4
"89695",,4
"89885",,4
"96328",,4
"96349",,4
"89871",,4
"89924",,4
"96411",,4
"89930",,4
"89898",,4
"96464",,4
"96804",,4
"96524",,4
"90061",,4
"89976",,4
"96965",,4
"96433",,4
"90031",,4
"96591",,4
"90285",,4
"90302",,4
"96832",,4
"90290",,4
"96831",,4
"96870",,4
"96966",,4
"97228",,4
"90309",,4
"97138",,4
"90303",,4
"97315",,4
"97322",,4
"95127",,4
"90335",,4
"97349",,4
"97444",,4
"99257",,4
"97445",,4
"97352",,4
"97452",,4
"97502",,4
"97443",,4
"97527",,4
"97528",,4
"97536",,4
"97520",,4
"97532",,4
"97537",,4
"97535",,4
"97540",,4
"97645",,4
"97538",,4
"97653",,4
"97546",,4
"97680",,4
"97856",,4
"97769",,4
"97768",,4
"97771",,4
"97878",,4
"97879",,4
"97863",,4
"98034",,4
"97877",,4
"97880",,4
"97902",,4
"90634",,4
"90587",,4
"98035",,4
"98184",,4
"98315",,4
"98352",,4
"98056",,4
"98333",,4
"98402",,4
"98221",,4
"98401",,4
"98517",,4
"98515",,4
"98516",,4
"98706",,4
"98874",,4
"98766",,4
"98774",,4
"98765",,4
"98952",,4
"98888",,4
"98945",,4
"98910",,4
"99033",,4
"99254",,4
"90651",,4
"99021",,4
"99035",,4
"99041",,4
"99283",,4
"99258",,4
"99032",,4
"99256",,4
"99379",,4
"99255",,4
"99034",,4
"99353",,4
"99388",,4
"99461",,4
"99356",,4
"99411",,4
"99425",,4
"99424",,4
"90399",,4
"90444",,4
"99430",,4
"90455",,4
"99474",,4
"99460",,4
"90531",,4
"99535",,4
"90532",,4
"90535",,4
"90566",,4
"99625",,4
"99616",,4
"90715",,4
"90569",,4
"99550",,4
"99628",,4
"99588",,4
"90768",,4
"99615",,4
"99670",,4
"99661",,4
"90899",,4
"93414",,4
"90843",,4
"90933",,4
"90892",,4
"99818",,4
"99817",,4
"91001",,4
"91003",,4
"99789",,4
"91094",,4
"99721",,4
"99832",,4
"99834",,4
"91101",,4
"91102",,4
"99824",,4
"99878",,4
"99880",,4
"91156",,4
"91203",,4
"91204",,4
"91264",,4
"91260",,4
"91201",,4
"91194",,4
"93490",,4
"91191",,4
"93551",,4
"93739",,4
"91359",,4
"91388",,4
"89693",,4
"92614",,4
"94857",,4
"91573",,4
"99881",,4
"94854",,4
"93785",,4
"91519",,4
"94930",,4
"94894",,4
"94885",,4
"93746",,4
"94931",,4
"91508",,4
"91664",,4
"93787",,4
"94966",,4
"93788",,4
"93869",,4
"93789",,4
"91706",,4
"94962",,4
"94971",,4
"94968",,4
"93790",,4
"94985",,4
"91714",,4
"94975",,4
"95022",,4
"93797",,4
"91715",,4
"91808",,4
"95023",,4
"93846",,4
"95058",,4
"91842",,4
"91815",,4
"95054",,4
"92630",,4
"91866",,4
"93882",,4
"91917",,4
"93986",,4
"92981",,4
"93108",,4
"92662",,4
"99629",,4
"94004",,4
"91929",,4
"94003",,4
"95126",,4
"93146",,4
"94044",,4
"94045",,4
"91972",,4
"93151",,4
"94978",,4
"92057",,4
"94138",,4
"94105",,4
"94102",,4
"94119",,4
"91973",,4
"92081",,4
"92078",,4
"94144",,4
"94147",,4
"94067",,4
"94154",,4
"93153",,4
"92084",,4
"92180",,4
"94214",,4
"94207",,4
"92182",,4
"94249",,4
"94286",,4
"93296",,4
"92085",,4
"93368",,4
"93369",,4
"92193",,4
"87833",,4
"92191",,4
"94336",,4
"92207",,4
"94445",,4
"93378",,4
"94288",,4
"92438",,4
"86724",,4
"86760",,4
"86713",,4
"86759",,4
"86764",,4
"92501",,4
"86766",,4
"86757",,4
"86740",,4
"94765",,4
"86776",,4
"94509",,4
"86783",,4
"92497",,4
"86797",,4
"94583",,4
"92574",,4
"86859",,4
"86874",,4
"86935",,4
"86970",,4
"86972",,4
"86974",,4
"86861",,4
"86863",,4
"87008",,4
"86973",,4
"87028",,4
"87192",,4
"87098",,4
"87158",,4
"87225",,4
"87398",,4
"87350",,4
"87267",,4
"87342",,4
"87552",,4
"87228",,4
"87393",,4
"87437",,4
"86686",,4
"87747",,4
"87486",,4
"87877",,4
"87863",,4
"87743",,4
"87887",,4
"88030",,4
"87874",,4
"87946",,4
"88002",,4
"87859",,4
"87864",,4
"88087",,4
"88417",,4
"88136",,4
"88225",,4
"87999",,4
"88597",,4
"88125",,4
"88379",,4
"88323",,4
"88651",,4
"88539",,4
"88667",,4
"89150",,4
"89273",,4
"89156",,4
"89227",,4
"89341",,4
"89190",,4
"88933",,4
"89285",,4
"89253",,4
"89342",,4
"89343",,4
"89492",,4
"89493",,4
"85004",,4
"85083",,4
"85040",,4
"89676",,4
"85418",,4
"85149",,4
"85425",,4
"85121",,4
"85241",,4
"85211",,4
"85423",,4
"85591",,4
"85931",,4
"89637",,4
"85586",,4
"95180",,4
"95263",,4
"86120",,4
"85629",,4
"95315",,4
"85626",,4
"97449",,4
"99882",,4
"50880",,4
"68873",,4
"68958",,4
"71116",,4
"92708",,4
"36943",,4
"37245",,4
"37246",,4
"37333",,4
"37627",,4
"37652",,4
"37663",,4
"38230",,4
"38400",,4
"38632",,4
"38768",,4
"39850",,4
"54424",,4
"68918",,4
"69095",,4
"70061",,4
"71090",,4
"71123",,4
"72605",,4
"74075",,4
"74083",,4
"77777",,4
"79553",,4
"80374",,4
"80441",,4
"81923",,4
"82627",,4
"82876",,4
"83791",,4
"85069",,4
"86323",,4
"86765",,4
"86775",,4
"86932",,4
"87470",,4
"87742",,4
"88070",,4
"88309",,4
"88310",,4
"89839",,4
"90406",,4
"91100",,4
"91264",,4
"91654",,4
"91687",,4
"92128",,4
"92225",,4
"93108",,4
"93282",,4
"93791",,4
"94269",,4
"95549",,4
"95855",,4
"97341",,4
"97877",,4
"99535",,4
"86970",,4
"87211",,4
"87946",,4
"94857",,4
"37424",,4
"91318",,4
"99669",,4
"99718",,4
"97448",,4
"99892",,4
"99894",,4
"73144",,4
"80076",,4
"38509",,4
"38648",,4
"38617",,4
"52618",,4
"68886",,4
"71043",,4
"80080",,4
"82625",,4
"83266",,4
"87679",,4
"99897",,4
"97803",,4
"99832",,4
"99894",,4
"99896",,4
"94068",,4
"93317",,4
"62136",,4
"70526",,4
"74134",,4
"79032",,4
"95562",,4
"98484",,4
"99900",,4
"99903",,4
"90959",,4
"63119",,4
"87872",,4
"70987",,4
"97803",,4
"98412",,4
"97449",,4
"99630",,4
"99883",,4
"99918",,4
"99915",,4
"83813",,4
"79019",,4
"99921",,4
"98832",,4